,meeting_id,vot_itm_id,title
0,MTG-PL-2024-10-22,eli_dl_event_MTG-PL-2024-10-22-VOT-ITM-962879,"<structuredLabel><title>Implementation of the Single European Sky (recast) ***II</title><label>Recommendation for second reading: Jens Gieseke, Johan Danielsson (A10-0010/2024)</label></structuredLabel>"
1,MTG-PL-2024-12-17,eli_dl_event_MTG-PL-2024-12-17-VOT-ITM-965069,<structuredLabel><title>Discontinuation of the European ODR Platform ***II</title><label>Recommendation for second reading: Laura Ballarín Cereza (A10-0028/2024)</label></structuredLabel>
2,MTG-PL-2025-05-06,eli_dl_event_MTG-PL-2025-05-06-VOT-ITM-965509,"<structuredLabel><title>Amending Regulation (EU) 2016/1011 as regards the scope of the rules for benchmarks, the use in the Union of benchmarks provided by an administrator located in a third country, and certain reporting requirements ***II</title><label>Recommendation for second reading: Jonás Fernández (A10-0060/2025)</label></structuredLabel>"
3,MTG-PL-2025-05-06,eli_dl_event_MTG-PL-2025-05-06-VOT-ITM-965500,<structuredLabel><title>Border Regions’ instrument for development and growth (BRIDGEforEU) ***II</title><label>Recommendation for second reading: Sandro Gozi (A10-0058/2025)</label></structuredLabel>
4,MTG-PL-2025-05-06,eli_dl_event_MTG-PL-2025-05-06-VOT-ITM-965505,<structuredLabel><title>European Union labour market statistics on businesses ***II</title><label>Recommendation for second reading: Irene Tinagli (A10-0057/2025)</label></structuredLabel>
5,MTG-PL-2025-09-09,eli_dl_event_MTG-PL-2025-09-09-VOT-ITM-970636,<structuredLabel><title>Waste Framework Directive: textiles and food waste ***II</title><label>Recommendation for second reading: Anna Zalewska (A10-0144/2025)</label></structuredLabel>
6,MTG-PL-2025-10-07,eli_dl_event_MTG-PL-2025-10-07-VOT-ITM-973321,<structuredLabel><title>Amending certain financial services and investment support Regulations as regards certain reporting requirements ***II</title><label>Recommendation for second reading: Paulius Saudargas (A10-0166/2025) (majority of Parliament’s component Members required)</label></structuredLabel>
7,MTG-PL-2025-10-21,eli_dl_event_MTG-PL-2025-10-21-VOT-ITM-974699,<structuredLabel><title>Driving licences ***II</title><label>Recommendation for second reading: Jutta Paulus (A10-0191/2025)</label></structuredLabel>
8,MTG-PL-2025-10-21,eli_dl_event_MTG-PL-2025-10-21-VOT-ITM-974713,<structuredLabel><title>Union-wide effect of certain driving disqualifications ***II</title><label>Recommendation for second reading: Matteo Ricci (A10-0193/2025)</label></structuredLabel>
9,MTG-PL-2025-11-25,eli_dl_event_MTG-PL-2025-11-25-VOT-ITM-976302,<structuredLabel><title>Safety of toys and repealing Directive 2009/48/EC ***II</title><label>Recommendation for second reading: Marion Walsmann (A10-0227/2025)</label></structuredLabel>
10,MTG-PL-2025-12-16,eli_dl_event_MTG-PL-2025-12-16-VOT-ITM-978318,<structuredLabel><title>Amending the Directive on alternative dispute resolution for consumer disputes ***II</title><label>Recommendation for second reading: Laura Ballarín Cereza (A10-0249/2025) (Majority of Parliament’s component Members required to amend or reject the Council position)</label></structuredLabel>
11,MTG-PL-2025-12-16,eli_dl_event_MTG-PL-2025-12-16-VOT-ITM-978305,<structuredLabel><title>Compulsory licensing of patents in crisis situations ***II</title><label>Recommendation for second reading: Adrián Vázquez Lázara (A10-0246/2025) (Majority of Parliament’s component Members required to amend or reject the Council position)</label></structuredLabel>
12,MTG-PL-2026-01-21,eli_dl_event_MTG-PL-2026-01-21-VOT-ITM-981675,<structuredLabel><title>Air passenger rights ***II</title><label>Recommendation for second reading: Andrey Novakov (A10-0001/2026) (Majority of Parliament’s component Members required to amend or reject the Council position)</label></structuredLabel>
13,MTG-PL-2026-04-28,eli_dl_event_MTG-PL-2026-04-28-VOT-ITM-989946,"<structuredLabel><title>Accounting of greenhouse gas emissions of transport services ***II</title><label>Recommendation for second reading: Pierfrancesco Maran, Norbert Lins (A10-0062/2026)</label></structuredLabel>"
14,MTG-PL-2026-05-19,eli_dl_event_MTG-PL-2026-05-19-VOT-ITM-990692,<structuredLabel><title>Single European railway area: use of railway infrastructure capacity ***II</title><label>Recommendation for second reading: Tilly Metz (A10-0126/2026) (Majority of Parliament’s component Members required to amend or reject the Council position)</label></structuredLabel>
15,MTG-PL-2026-05-19,eli_dl_event_MTG-PL-2026-05-19-VOT-ITM-990673,<structuredLabel><title>Production and marketing of forest reproductive material ***II</title><label>Recommendation for second reading: Herbert Dorfmann (A10-0136/2026) (Majority of Parliament’s component Members required to amend or reject the Council position)</label></structuredLabel>
16,MTG-PL-2026-06-17,eli_dl_event_MTG-PL-2026-06-17-VOT-ITM-992874,<structuredLabel><title>Plants obtained by certain new genomic techniques and their food and feed ***II</title><label>Recommendation for second reading: Jessica Polfjärd (A10-0175/2026) (Majority of Parliament’s component Members required to amend or reject the Council position)</label></structuredLabel>
17,MTG-PL-2026-07-07,eli_dl_event_MTG-PL-2026-07-07-VOT-ITM-992951,<structuredLabel><title>Temporary derogation from certain provisions of the ePrivacy Directive to combat online child sexual abuse ***II</title><label>(11261/1/2026 – C10-0178/2026 – 2025/0429(COD)) (Majority of votes cast required)</label></structuredLabel>
18,MTG-PL-2026-07-07,eli_dl_event_MTG-PL-2026-07-07-VOT-ITM-992933,<structuredLabel><title>Air passenger rights ***III</title><label>Report: Andrey Novakov (A10-0191/2026) (Majority of votes cast required)</label></structuredLabel>
19,MTG-PL-2023-04-18,eli_dl_event_MTG-PL-2023-04-18-VOT-ITM-938946,<structuredLabel><title>Pays tiers dont les ressortissants sont soumis à l'obligation de visa ou en sont exemptés: Kosovo</title><label>Recommandation pour la deuxième lecture: Thijs Reuten (A9-0076/2023)</label></structuredLabel>
20,MTG-PL-2023-09-12,eli_dl_event_MTG-PL-2023-09-12-VOT-ITM-939458,<structuredLabel><title>Plan pluriannuel de gestion du thon rouge dans l’Atlantique Est et la mer Méditerranée</title><label>Recommandation pour la deuxième lecture: Clara Aguilera (A9-0243/2023)</label></structuredLabel>
21,MTG-PL-2014-01-15,eli_dl_event_MTG-PL-2014-01-15-VOT-ITM-344699-7,<structuredLabel><title>Tachygraphes et législation sociale dans le domaine des transports par route</title><label>Recommandation pour la deuxième lecture: Silvia-Adriana Ţicău (A7-0471/2013) (majorité qualifiée requise)</label></structuredLabel>
22,MTG-PL-2014-03-11,eli_dl_event_MTG-PL-2014-03-11-VOT-ITM-348809-9,<structuredLabel><title>L'accord de stabilisation et d'association CE/Serbie</title><label>Recommandation pour la deuxième lecture: Iuliu Winkler (A7-0116/2014)</label></structuredLabel>
23,MTG-PL-2014-04-02,eli_dl_event_MTG-PL-2014-04-02-VOT-ITM-350909-6,<structuredLabel><title>Niveau sonore des véhicules à moteur</title><label>Recommandation pour la deuxième lecture: Miroslav Ouzký (A7-0239/2014)</label></structuredLabel>
24,MTG-PL-2014-04-15,eli_dl_event_MTG-PL-2014-04-15-VOT-ITM-352591-39,<structuredLabel><title>Accroissement de la mobilité des travailleurs par l'amélioration de l'acquisition et de la préservation des droits à pension complémentaire</title><label>Recommandation pour la deuxième lecture: Ria Oomen-Ruijten (A7-0188/2014)</label></structuredLabel>
25,MTG-PL-2014-04-15,eli_dl_event_MTG-PL-2014-04-15-VOT-ITM-352267-11,<structuredLabel><title>Systèmes de garantie des dépôts</title><label>Recommandation pour la deuxième lecture: Peter Simon (A7-0216/2014)</label></structuredLabel>
26,MTG-PL-2014-04-16,eli_dl_event_MTG-PL-2014-04-16-VOT-ITM-352901-16,<structuredLabel><title>Introduction de restrictions d’exploitation liées au bruit dans les aéroports de l’Union</title><label>Recommandation pour la deuxième lecture: Jörg Leichtfried (A7-0274/2014)</label></structuredLabel>
27,MTG-PL-2014-04-16,eli_dl_event_MTG-PL-2014-04-16-VOT-ITM-352902-17,"<structuredLabel><title>Action de l'Union en faveur des ""capitales européennes de la culture"" pour les années 2020 à 2033</title><label>Recommandation pour la deuxième lecture: Marco Scurria (A7-0275/2014) (majorité qualifiée requise)</label></structuredLabel>"
28,MTG-PL-2014-04-16,eli_dl_event_MTG-PL-2014-04-16-VOT-ITM-352903-18,<structuredLabel><title>Captures accidentelles de cétacés</title><label>Recommandation pour la deuxième lecture: Raül Romeva i Rueda (A7-0272/2014)</label></structuredLabel>
29,MTG-PL-2015-01-13,eli_dl_event_MTG-PL-2015-01-13-VOT-ITM-398848-5,<structuredLabel><title>Possibilité pour les États membres de restreindre ou d’interdire la culture d'OGM sur leur territoire</title><label>Recommandation pour la deuxième lecture: Frédérique Ries (A8-0038/2014) (majorité qualifiée requise)</label></structuredLabel>
30,MTG-PL-2015-03-10,eli_dl_event_MTG-PL-2015-03-10-VOT-ITM-409208-6,<structuredLabel><title>Dimensions et poids des véhicules routiers circulant dans la Communauté</title><label>Recommandation pour la deuxième lecture: Jörg Leichtfried (A8-0032/2015)</label></structuredLabel>
31,MTG-PL-2015-04-28,eli_dl_event_MTG-PL-2015-04-28-VOT-ITM-422745-6,<structuredLabel><title>Émissions de dioxyde de carbone du secteur des transports maritimes</title><label>Recommandation pour la deuxième lecture: José Inácio Faria (A8-0122/2015)</label></structuredLabel>
32,MTG-PL-2015-04-28,eli_dl_event_MTG-PL-2015-04-28-VOT-ITM-422744-5,<structuredLabel><title>Réduire la consommation de sacs en plastique légers</title><label>Recommandation pour la deuxième lecture: Margrete Auken (A8-0130/2015) (majorité qualifiée requise)</label></structuredLabel>
33,MTG-PL-2015-04-28,eli_dl_event_MTG-PL-2015-04-28-VOT-ITM-422725-3,<structuredLabel><title>Déploiement du système eCall embarqué</title><label>Recommandation pour la deuxième lecture: Olga Sehnalová (A8-0053/2015) (majorité qualifiée requise)</label></structuredLabel>
34,MTG-PL-2015-04-28,eli_dl_event_MTG-PL-2015-04-28-VOT-ITM-423770-7,<structuredLabel><title>Statistiques européennes</title><label>Recommandation pour la deuxième lecture: Hugues Bayet (A8-0137/2015)</label></structuredLabel>
35,MTG-PL-2015-04-28,eli_dl_event_MTG-PL-2015-04-28-VOT-ITM-422841-4,<structuredLabel><title>Directive sur la qualité du carburant et directive sur les énergies renouvelables</title><label>Recommandation pour la deuxième lecture: Nils Torvalds (A8-0025/2015) (majorité qualifiée requise)</label></structuredLabel>
36,MTG-PL-2015-05-20,eli_dl_event_MTG-PL-2015-05-20-VOT-ITM-429190-3,<structuredLabel><title>Prévention de l'utilisation du système financier aux fins du blanchiment de capitaux et du financement du terrorisme</title><label>Recommandation pour la deuxième lecture: Krišjānis Kariņš et  Judith Sargentini (A8-0153/2015)</label></structuredLabel>
37,MTG-PL-2015-05-20,eli_dl_event_MTG-PL-2015-05-20-VOT-ITM-429191-4,<structuredLabel><title>Informations accompagnant les transferts de fonds</title><label>Recommandation pour la deuxième lecture: Timothy Kirkhope et  Peter Simon (A8-0154/2015)</label></structuredLabel>
38,MTG-PL-2015-05-20,eli_dl_event_MTG-PL-2015-05-20-VOT-ITM-429195-5,<structuredLabel><title>Procédures d'insolvabilité</title><label>Recommandation pour la deuxième lecture: Tadeusz Zwiefka (A8-0155/2015)</label></structuredLabel>
39,MTG-PL-2015-09-08,eli_dl_event_MTG-PL-2015-09-08-VOT-ITM-460147-3,<structuredLabel><title>Bonne application des réglementations douanière et agricole</title><label>Recommandation pour la deuxième lecture: Liisa Jaakonsaari (A8-0234/2015) (majorité qualifiée requise)</label></structuredLabel>
40,MTG-PL-2015-10-27,eli_dl_event_MTG-PL-2015-10-27-VOT-ITM-472888-7,<structuredLabel><title>Voyages à forfait et prestations de voyage assistées</title><label>Recommandation pour la deuxième lecture: Birgit Collin-Langen (A8-0297/2015) (majorité qualifiée requise)</label></structuredLabel>
41,MTG-PL-2015-10-27,eli_dl_event_MTG-PL-2015-10-27-VOT-ITM-472892-8,<structuredLabel><title>Marché unique européen des communications électroniques</title><label>Recommandation pour la deuxième lecture: Pilar del Castillo Vera (A8-0300/2015) (majorité qualifiée requise)</label></structuredLabel>
42,MTG-PL-2015-10-28,eli_dl_event_MTG-PL-2015-10-28-VOT-ITM-472909-4,<structuredLabel><title>Dispositions relatives à la pêche dans la zone couverte par l'accord de la CGPM (Commission générale des pêches pour la Méditerranée)</title><label>Recommandation pour la deuxième lecture: Gabriel Mato (A8-0295/2015)</label></structuredLabel>
43,MTG-PL-2015-10-28,eli_dl_event_MTG-PL-2015-10-28-VOT-ITM-472908-3,<structuredLabel><title>Cour de justice de l'Union européenne: nombre de juges du Tribunal</title><label>Recommandation pour la deuxième lecture: António Marinho e Pinto (A8-0296/2015) (majorité qualifiée requise)</label></structuredLabel>
44,MTG-PL-2015-12-15,eli_dl_event_MTG-PL-2015-12-15-VOT-ITM-485702-16,<structuredLabel><title>Marque de l'Union européenne</title><label>Recommandation pour la deuxième lecture: Cecilia Wikström (A8-0354/2015) (majorité qualifiée requise)</label></structuredLabel>
45,MTG-PL-2015-12-15,eli_dl_event_MTG-PL-2015-12-15-VOT-ITM-485703-17,<structuredLabel><title>Législations des États membres sur les marques</title><label>Recommandation pour la deuxième lecture: Cecilia Wikström (A8-0355/2015) (majorité qualifiée requise)</label></structuredLabel>
46,MTG-PL-2016-03-08,eli_dl_event_MTG-PL-2016-03-08-VOT-ITM-510312-1,<structuredLabel><title>Santé animale</title><label>Recommandation pour la deuxième lecture: Jasenko Selimovic (A8-0041/2016) (majorité qualifiée requise)</label></structuredLabel>
47,MTG-PL-2016-05-11,eli_dl_event_MTG-PL-2016-05-11-VOT-ITM-530958-2,<structuredLabel><title>Agence de l'Union européenne pour la coopération des services répressifs (Europol)</title><label>Recommandation pour la deuxième lecture: Agustín Díaz de Mera García Consuegra (A8-0164/2016) (majorité qualifiée requise)</label></structuredLabel>
48,MTG-PL-2016-05-11,eli_dl_event_MTG-PL-2016-05-11-VOT-ITM-530959-3,"<structuredLabel><title>Conditions d'entrée et de séjour des ressortissants de pays tiers à des fins de recherche, d'études, de formation, de volontariat, d'échange d’élèves et de travail au pair</title><label>Recommandation pour la deuxième lecture: Cecilia Wikström (A8-0166/2016) (majorité qualifiée requise)</label></structuredLabel>"
49,MTG-PL-2016-07-06,eli_dl_event_MTG-PL-2016-07-06-VOT-ITM-547960-3,<structuredLabel><title>Niveau élevé commun de sécurité des réseaux et des systèmes d'information dans l'Union</title><label>Recommandation pour la deuxième lecture: Andreas Schwab (A8-0211/2016) (majorité qualifiée requise)</label></structuredLabel>
50,MTG-PL-2016-09-13,eli_dl_event_MTG-PL-2016-09-13-VOT-ITM-561895-12,<structuredLabel><title>Statistiques relatives au commerce extérieur avec les pays tiers (pouvoirs délégués et compétences d'exécution)</title><label>Recommandation pour la deuxième lecture: Bernd Lange (A8-0240/2016)</label></structuredLabel>
51,MTG-PL-2016-09-14,eli_dl_event_MTG-PL-2016-09-14-VOT-ITM-561897-3,<structuredLabel><title>Prescriptions techniques applicables aux bateaux de navigation intérieure</title><label>Recommandation pour la deuxième lecture: Ivo Belet (A8-0256/2016)</label></structuredLabel>
52,MTG-PL-2016-10-25,eli_dl_event_MTG-PL-2016-10-25-VOT-ITM-562248-8,"<structuredLabel><title>Statistiques des transports par chemin de fer, en ce qui concerne la collecte de données sur les marchandises, les voyageurs et les accidents</title><label>Recommandation pour la deuxième lecture: Michael Cramer (A8-0300/2016) (majorité qualifiée requise)</label></structuredLabel>"
53,MTG-PL-2016-10-25,eli_dl_event_MTG-PL-2016-10-25-VOT-ITM-562249-9,<structuredLabel><title>Statistiques des transports de marchandises par voies navigables intérieures (pouvoirs délégués et compétences d’exécution)</title><label>Recommandation pour la deuxième lecture: Bas Eickhout (A8-0298/2016)</label></structuredLabel>
54,MTG-PL-2016-10-26,eli_dl_event_MTG-PL-2016-10-26-VOT-ITM-562220-6,<structuredLabel><title>Mesures de protection contre les organismes nuisibles aux végétaux</title><label>Recommandation pour la deuxième lecture: Anthea McIntyre (A8-0293/2016)</label></structuredLabel>
55,MTG-PL-2016-10-26,eli_dl_event_MTG-PL-2016-10-26-VOT-ITM-562215-5,<structuredLabel><title>Accessibilité des sites internet et des applications mobiles des organismes du secteur public</title><label>Recommandation pour la deuxième lecture: Dita Charanzová (A8-0269/2016)</label></structuredLabel>
56,MTG-PL-2016-11-22,eli_dl_event_MTG-PL-2016-11-22-VOT-ITM-562467-4,<structuredLabel><title>Plan à long terme pour les stocks de cabillaud et les pêcheries exploitant ces stocks</title><label>Recommandation pour la deuxième lecture: Diane Dodds (A8-0325/2016)</label></structuredLabel>
57,MTG-PL-2016-12-13,eli_dl_event_MTG-PL-2016-12-13-VOT-ITM-562708-2,<structuredLabel><title>Atlantique du Nord-Est: stocks d’eau profonde et pêche dans les eaux internationales</title><label>Recommandation pour la deuxième lecture: Isabelle Thomas (A8-0369/2016) (majorité qualifiée requise)</label></structuredLabel>
58,MTG-PL-2016-12-14,eli_dl_event_MTG-PL-2016-12-14-VOT-ITM-562728-11,<structuredLabel><title>Espace ferroviaire unique européen</title><label>Recommandation pour la deuxième lecture: David-Maria Sassoli (A8-0371/2016) (majorité qualifiée requise)</label></structuredLabel>
59,MTG-PL-2016-12-14,eli_dl_event_MTG-PL-2016-12-14-VOT-ITM-562720-9,<structuredLabel><title>Normalisation des comptes des entreprises de chemin de fer</title><label>Recommandation pour la deuxième lecture: Merja Kyllönen (A8-0368/2016) (majorité qualifiée requise)</label></structuredLabel>
60,MTG-PL-2016-12-14,eli_dl_event_MTG-PL-2016-12-14-VOT-ITM-562727-10,<structuredLabel><title>Services nationaux de transport de voyageurs par chemin de fer</title><label>Recommandation pour la deuxième lecture: Wim van de Camp (A8-0373/2016) (majorité qualifiée requise)</label></structuredLabel>
61,MTG-PL-2017-03-15,eli_dl_event_MTG-PL-2017-03-15-VOT-ITM-588913-4,"<structuredLabel><title>Législation sur les denrées alimentaires et les aliments pour animaux, règles relatives à la santé et au bien-être des animaux, à la santé des végétaux et aux produits phytopharmaceutiques</title><label>Recommandation pour la deuxième lecture: Karin Kadenbach (A8-0022/2017)</label></structuredLabel>"
62,MTG-PL-2017-04-05,eli_dl_event_MTG-PL-2017-04-05-VOT-ITM-595015-6,<structuredLabel><title>Dispositifs médicaux</title><label>Recommandation pour la deuxième lecture: Glenis Willmott (A8-0068/2017)</label></structuredLabel>
63,MTG-PL-2017-04-05,eli_dl_event_MTG-PL-2017-04-05-VOT-ITM-595016-7,<structuredLabel><title>Dispositifs médicaux de diagnostic in vitro</title><label>Recommandation pour la deuxième lecture: Peter Liese (A8-0069/2017)</label></structuredLabel>
64,MTG-PL-2017-07-05,eli_dl_event_MTG-PL-2017-07-05-VOT-ITM-621428-6,<structuredLabel><title>Lutte contre la fraude portant atteinte aux intérêts financiers de l'Union au moyen du droit pénal</title><label>Recommandation pour la deuxième lecture: Ingeborg Gräßle et  Juan Fernando López Aguilar (A8-0230/2017) (majorité des membres qui composent le Parlement requise)</label></structuredLabel>
65,MTG-PL-2017-10-24,eli_dl_event_MTG-PL-2017-10-24-VOT-ITM-650811-6,<structuredLabel><title>Infractions pénales et sanctions applicables dans le domaine du trafic de drogue</title><label>Recommandation pour la deuxième lecture: Teresa Jiménez-Becerril Barrio (A8-0317/2017)</label></structuredLabel>
66,MTG-PL-2017-12-12,eli_dl_event_MTG-PL-2017-12-12-VOT-ITM-662304-1,<structuredLabel><title>Gestion durable des flottes de pêche externes</title><label>Recommandation pour la deuxième lecture: Linnéa Engström (A8-0374/2017) (majorité des membres qui composent le Parlement requise)</label></structuredLabel>
67,MTG-PL-2018-05-30,eli_dl_event_MTG-PL-2018-05-30-VOT-ITM-704390-3,<structuredLabel><title>Défense contre les importations qui font l'objet d'un dumping et de subventions de la part de pays non membres de l'Union européenne</title><label>Recommandation pour la deuxième lecture: Christofer Fjellner (A8-0182/2018)</label></structuredLabel>
